frame,id,real_world_x,real_world_y,width,real_width
51,4,-4.608067006364565,2.33857491907185,236.455078125,4.3774953368684475
63,4,-0.0712375650205935,2.2368235967509063,223.45660400390625,4.058366830322778
