frame,id,real_world_x,real_world_y,width,real_width
108,3,-0.3384414642878002,5.598672874144572,261.5244140625,4.291894222089873
134,3,13.105097758362419,5.982386241276957,285.4494323730469,4.39442898381195