frame,id,real_world_x,real_world_y,width,real_width
330,14,2.0460973961535607,2.17374298927836,273.6296081542969,4.381010900682297
341,14,5.132953135789395,0.5312881104442411,305.75482177734375,4.644129420266988