frame,id,real_world_x,real_world_y,width,real_width
69,4,2.18412694404698,2.153513135792401,221.25521850585938,3.9665100687221573
81,4,6.5682808705205735,2.0223342627314844,223.04617309570312,3.9353750778680903
