frame,id,real_world_x,real_world_y,width,height
105,2,3.9861971841237387,2.6538977203994105,246.88302612304688,95.15974617004395
127,2,11.979502973646877,2.618190510665521,292.0582580566406,93.40447425842285