frame,id,real_world_x,real_world_y,width,real_width
155,13,-4.545337413552942,1.8431232796873978,282.8128967285156,4.971130341244668
166,13,-0.13248100135632176,1.4080086179937146,272.06121826171875,4.510153063850246
