frame,id,real_world_x,real_world_y,width,real_width
101,2,-0.27458213708450335,6.031057260293584,252.3193817138672,4.329555323270223
122,2,12.741635415094706,6.173784339295067,281.5923156738281,4.4632796899063605