frame,id,real_world_x,real_world_y,width,real_width
89,3,-10.3421560612726,6.555260726177585,332.7718963623047,5.905229897212555
112,3,1.9548308484833423,6.303009499604641,257.1580810546875,4.275920428426365
