frame,id,real_world_x,real_world_y,width,real_width
60,1,0.06457269113791793,6.377836908284853,216.76327514648438,3.8626247716980098
79,1,12.220231575103686,6.347575655735093,239.14297485351562,3.932208733036758
