frame,id,real_world_x,real_world_y,width,real_width
172,13,2.228117296291153,1.0884506392889242,277.25079345703125,4.465418557682699
184,13,6.895121366161336,0.3802549898227735,316.4664001464844,4.770309070250629
