{
    "transformation_matrix": [
        [
            -0.006860497099684831,
            -0.0043688360923554255,
            8.411563534932206
        ],
        [
            0.00013704158103814706,
            0.006353435372640251,
            -5.376584217428834
        ],
        [
            -6.0829917240303727e-05,
            -0.0022439457125897565,
            1.0
        ]
    ],
    "image_points": [
        [
            702,
            848
        ],
        [
            855,
            577
        ],
        [
            1608,
            553
        ],
        [
            964,
            842
        ],
        [
            601,
            586
        ],
        [
            1556,
            502
        ]
    ],
    "real_world_points": [
        [
            0.0,
            0.0
        ],
        [
            0.0964,
            4.4748
        ],
        [
            15.0,
            4.4748
        ],
        [
            2.0,
            0.0
        ],
        [
            -5.0,
            4.4748
        ],
        [
            20.0371,
            9.1933
        ]
    ]
}